Vaillant,Luft/Wasser-Wärmepumpe aroTHERM Split plus
Vaillant,Wärmepumpe flexoTHERM exclusive
Vaillant,Luft/Wasser-Wärmepumpe aroTHERM plus
Vaillant,Luft/Wasser-Wärmepumpe aroTHERM Split
Vaillant,Wärmepumpe flexoCOMPACT exclusive
Vaillant,Innen aufgestellte Luft/Wasser-Wärmepumpe recoCOMPACT exclusive
Vaillant,Innen aufgestellte Luft/Wasser-Wärmepumpe versoTHERM plus
Vaillant,Innen aufgestellte Warmwasser-Wärmepumpe aroSTOR
Vaillant,Brauchwasser-Wärmepumpe fluoSTOR
Vaillant,Luft/Wasser-Wärmepumpe aroTHERM perform
Vaillant,Sole/Wasser-Wärmepumpe geoTHERM perform
Stiebel Eltron,WPL-A 05/07 Premium compact duo Set 1.1
Stiebel Eltron,WPL-A 05/07 Premium compact duo Set 1
Stiebel Eltron,WPL-A 05/07 Premium compact duo Set 2.1
Stiebel Eltron,WPL ACS classic compact plus Set
Stiebel Eltron,WPL-A 10/13 HK Premium compact duo Set 1
Stiebel Eltron,WPL-A 10/13 HK Premium compact duo Set 2
Stiebel Eltron,WPL-A 13 HK 400 Premium 2er Set
Stiebel Eltron,WPL 24 A 2er Set
Stiebel Eltron,WPL 24 A 3er Set
Stiebel Eltron,WPL-A 13 HK 400 Premium 3er Set
Stiebel Eltron,WPL 25 AC compact duo Set 2.1
Stiebel Eltron,WPL 09 ICS classic compact plus Set
Stiebel Eltron,WPL ACS classic compact Set 1.1
Stiebel Eltron,WPL ACS classic compact plus Set 1.1
Stiebel Eltron,WPL ACS classic hybrid Set
Stiebel Eltron,"WPL-A Premium, WPL 20/25 hybrid Set"
Stiebel Eltron,WPL-S 18-48 HK 400 Premium
Stiebel Eltron,WPL-S 18-48 HK dB 400 Premium
Stiebel Eltron,WPL-A 05/07 Premium compact duo Set 1.1
Stiebel Eltron,WPL-A 05/07 Premium compact duo Set 1
Stiebel Eltron,WPL-A 05/07 Premium compact duo Set 2.1
Stiebel Eltron,WPL ACS classic compact plus Set
Stiebel Eltron,WPL-A 10/13 HK Premium compact duo Set 1
Stiebel Eltron,WPL-A 10/13 HK Premium compact duo Set 2
Stiebel Eltron,WPL-A 13 HK 400 Premium 2er Set
Stiebel Eltron,WPL 24 A 2er Set
Stiebel Eltron,WPL 24 A 3er Set
Stiebel Eltron,WPL-A 13 HK 400 Premium 3er Set
Stiebel Eltron,WPL 25 AC compact duo Set 2.1
Stiebel Eltron,WPL 09 ICS classic compact plus Set
Stiebel Eltron,WPL ACS classic compact Set 1.1
Stiebel Eltron,WPL ACS classic compact plus Set 1.1
Stiebel Eltron,WPL ACS classic hybrid Set
Stiebel Eltron,"WPL-A Premium, WPL 20/25 hybrid Set"
Stiebel Eltron,WPL-S 18-48 HK 400 Premium
Stiebel Eltron,WPL-S 18-48 HK dB 400 Premium
Stiebel Eltron,WPL-A 05/07 HK Premium
Stiebel Eltron,WPL 20/25 A
Stiebel Eltron,WPL 20/25 AC
Stiebel Eltron,WPL 25 AC compact duo Set 1
Stiebel Eltron,WPL ACS classic flex Set
Stiebel Eltron,WPL ICS classic
Stiebel Eltron,WPL IKCS classic
Stiebel Eltron,WPL 19/24 A
Stiebel Eltron,WPL 19/24 A dB
Stiebel Eltron,WPL 19/24 I
Stiebel Eltron,WPL 19/24 IK
Stiebel Eltron,WPL 47/57
Stiebel Eltron,LWZ 8 CS Premium
Stiebel Eltron,LWZ 5 CS Premium
Stiebel Eltron,LWZ 5 S Plus
Stiebel Eltron,LWZ 8 S Trend
Stiebel Eltron,LWZ 5 S Trend
Stiebel Eltron,LWZ 5 S Smart
Stiebel Eltron,WPL 24 I compact duo Set 2
Stiebel Eltron,WPL 25 A 2er Set
Stiebel Eltron,WPL 25 A 3er Set
Stiebel Eltron,WPL-A 10/13 HK Premium
Stiebel Eltron,WPL-A Premium compact Set 1.1
Stiebel Eltron,WPL 17 IKCS compact plus Set 2
Stiebel Eltron,WPE-I 05-17 H 400 Plus
Stiebel Eltron,WPE-I 05-10 HW 400 Plus
Stiebel Eltron,WPE-I 04-15 HW 230 Premium
Stiebel Eltron,WPE-I 04-15 HKW 230 Premium
Stiebel Eltron,WPE-I 04-15 H 230 Premium
Stiebel Eltron,WPE-I 04-15 HK 230 Premium
Stiebel Eltron,WPE-I 33-87 H 400 Premium
Stiebel Eltron,WPF 20-66
Stiebel Eltron,WPF 27 HT
Stiebel Eltron,WPE-I 15 H 230 Premium compact duo Set 2
Stiebel Eltron,WPE-I 31-85 Premium H
Stiebel Eltron,WWS 20
Stiebel Eltron,WPW-I 07-22 H Premium
Stiebel Eltron,LUS 221/301
Stiebel Eltron,WWK 221/301 electronic (SOL)
Stiebel Eltron,WWK-I Plus
Stiebel Eltron,LSWP 315-3 SG Set
Stiebel Eltron,LSWP 315-4 SG Set
Stiebel Eltron,SO 18-48
Stiebel Eltron,GWS 1
Stiebel Eltron,GWS 2
Stiebel Eltron,FEW
Stiebel Eltron,FSHP-L45
Stiebel Eltron,UP 30/1-10 PCV
Stiebel Eltron,WPKI 5-I
Stiebel Eltron,WPKI 6-I
Stiebel Eltron,BBI 5-I
Stiebel Eltron,WK 2
Stiebel Eltron,SK 1
Stiebel Eltron,WK 1.1
Stiebel Eltron,WPSB 408 E
Stiebel Eltron,WPSF
Stiebel Eltron,MEG 10
Stiebel Eltron,FS-WP 22
Stiebel Eltron,FS-WP 28
Stiebel Eltron,WPRB
Stiebel Eltron,WP-RT Touch 18-47
Stiebel Eltron,"LSWP 315-0,7 SG Set"
Stiebel Eltron,LSWP 315-2 SG Set
Stiebel Eltron,BF 80
Stiebel Eltron,AWG 315 SR.2
Stiebel Eltron,AWG 315 GL.2
Stiebel Eltron,AWG 315 L.2
Stiebel Eltron,WPKI-HKM E 24
Stiebel Eltron,WPKI-HK DN 25
Stiebel Eltron,WPKI-HKM 24 DN 32
Stiebel Eltron,WPKI-HKM 24 DN 40
Stiebel Eltron,WPKI-HKM 230 DN 25
Mitsubishi Electric,Split Zubadan Inverter + Hydromodul Heizen
Mitsubishi Electric,Split Power Inverter + Hydromodul Heizen
Mitsubishi Electric,Split Zubadan Inverter + Hydromodul Heizen + Kühlen
Mitsubishi Electric,Split Zubadan Inverter R410A + Hydromodul Heizen + Kühlen
Mitsubishi Electric,Split Power Inverter + Hydromodul Heizen + Kühlen
Mitsubishi Electric,Split Zubadan Inverter + Speichermodul 200L Heizen
Mitsubishi Electric,Split Zubadan Inverter + Speichermodul 300L Heizen
Mitsubishi Electric,Split Power Inverter + Speichermodul 200L Heizen
Mitsubishi Electric,Split Power Inverter + Speichermodul 300L Heizen
Mitsubishi Electric,Monoblock Power Inverter + Hydromodul Heizen + Kühlen
Mitsubishi Electric,Monoblock Zubadan Inverter + Hydromodul Heizen + Kühlen
Mitsubishi Electric,Power Inverter mit Hydromodul (Heizen /Kühlen)
Mitsubishi Electric,Power Inverter mit Speichermodul (Heizen /Kühlen)
Mitsubishi Electric,Power Inverter mit Speichermodul 200 L (Heizen)
Mitsubishi Electric,Power Inverter mit Speichermodul 200 L (Heizen/Kühlen)
Mitsubishi Electric,Power Inverter mit Speichermodul 300 L (Heizen)
Mitsubishi Electric,Zubadan Inverter mit Speichermodul (Heizen/Kühlen)
Mitsubishi Electric,Zubadan Inverter mit Speichermodul (Heizen/Kühlen)
Mitsubishi Electric,Zubadan Inverter mit Speichermodul 200 L / 300 L (Heizen)
Mitsubishi Electric,Monoblock Power Inverter + Speichermodul 200 L Heizen + Kühlen
Mitsubishi Electric,Monoblock Power Inverter + Speichermodul 300 L Heizen + Kühlen
Mitsubishi Electric,Monoblock Zubadan Inverter + Speichermodul 200 L Heizen + Kühlen
Mitsubishi Electric,Monoblock Zubadan Inverter + Speichermodul 200 L Heizen + Kühlen
Mitsubishi Electric,Split Eco Inverter + Speichermodul 200 L Heizen + Kühlen
Mitsubishi Electric,Eco Inverter mit Speichermodul 200 L (Heizen/Kühlen)
Mitsubishi Electric,Eco Inverter mit Speichermodul 300 L (Heizen/Kühlen)
Mitsubishi Electric,Eco Inverter mit Hydromodul (Heizen/Kühlen)
Mitsubishi Electric,Split Eco Inverter + Hydromodul Heizen + Kühlen
Mitsubishi Electric,Split Zubadan Inverter + Speichermodul 200L Heizen + Kühlen
Mitsubishi Electric,Split Zubadan Inverter + Speichermodu 300L Heizen + Kühlen
Mitsubishi Electric,Split Power Inverter + Speichermodul 200L Heizen + Kühlen
Mitsubishi Electric,Split Power Inverter + Speichermodul 300L Heizen + Kühlen
Mitsubishi Electric,Eco Inverter mit Speichermodul (Heizen)
Mitsubishi Electric,Monoblock Power Inverter + Speichermodul 300L Heizen + Kühlen
Mitsubishi Electric,Monoblock Power Inverter + Speichermodul 200L Heizen + Kühlen
Mitsubishi Electric,"Zubadan Inverter mit Hydromodul oder Speichermodul
200 L / 300 L (Heizen/Kühlen)"
Mitsubishi Electric,Sole/Wasser-Wärmepumpe (Heizen)
Mitsubishi Electric,Diamond Wandgeräte
Mitsubishi Electric,Diamond Wandgeräte
Mitsubishi Electric,Premium Design-Wandgeräte
Mitsubishi Electric,Wandgeräte
Mitsubishi Electric,Wandgeräte
Mitsubishi Electric,Truhengeräte
Mitsubishi Electric,Split Power Inverter + Hydromodul Heizen
Mitsubishi Electric,Split Power Inverter + Hydromodul Heizen + Kühlen
Mitsubishi Electric,Split Zubadan Inverter + Hydromodul Heizen
Mitsubishi Electric,Split Zubadan Inverter + Hydromodul Heizen + Kühlen
Mitsubishi Electric,Split Zubadan Inverter R410A + Hydromodul Heizen + Kühlen
Mitsubishi Electric,Monoblock Power Inverter + Hydromodul Heizen + Kühlen
Mitsubishi Electric,Monoblock Zubadan Inverter + Hydromodul Heizen + Kühlen
Mitsubishi Electric,Monoblock Power Inverter + Hydromodul Heizen + Kühlen
Mitsubishi Electric,QAHV Heißwasser-Wärmepumpe
Mitsubishi Electric,QAHV Heißwasser-Wärmepumpe
Samsung,ECO Mono ClimateHub WPLW-Hub Mono HT R290-5-200
Samsung,ECO Mono ClimateHub WPLW-Hub Mono HT R290-8-200
Samsung,ECO Mono ClimateHub WPLW-Hub Mono HT R290-8-260
Samsung,ECO Mono ClimateHub WPLW-Hub Mono HT R290-8-260-3
Samsung,ECO Mono ClimateHub WPLW-Hub Mono HT R290-12-260-3
Samsung,ECO Mono ClimateHub WPLW-Hub Mono HT R290-16-260-3
Samsung,ECO Mono ClimateHub WPLW-Hub Mono HT Quiet-8-200
Samsung,ECO Mono ClimateHub WPLW-Hub Mono HT Quiet-8-260
Samsung,ECO Mono ClimateHub WPLW-Hub Mono HT Quiet-8-260-3
Samsung,ECO Mono ClimateHub WPLW-Hub Mono HT Quiet-12-260-3
Samsung,ECO Mono ClimateHub WPLW-Hub Mono HT Quiet-14-260-3
Samsung,ECO Mono mit externem Brauchwasserspeicher WPLW-Mono HT R290 5-RE
Samsung,ECO Mono mit externem Brauchwasserspeicher WPLW-Mono HT R290 8-RE
Samsung,ECO Mono mit externem Brauchwasserspeicher WPLW-Mono HT R290 8-RE-3
Samsung,ECO Mono mit externem Brauchwasserspeicher WPLW-Mono HT R290 12-RE-3
Samsung,ECO Mono mit externem Brauchwasserspeicher WPLW-Mono HT R290 16-RE-3
Samsung,ECO Mono mit externem Brauchwasserspeicher WPLW-Mono HT Quiet 8-RE
Samsung,ECO Mono mit externem Brauchwasserspeicher WPLW-Mono HT Quiet 8-RE-3
Samsung,ECO Mono mit externem Brauchwasserspeicher WPLW-Mono HT Quiet 12-RE-3
Samsung,ECO Mono mit externem Brauchwasserspeicher WPLW-Mono HT Quiet 14-RE-3
Samsung,ECO Mono ClimateHub WPLW-Hub Mono-5-200
Samsung,ECO Mono ClimateHub WPLW-Hub Mono-8-200
Samsung,ECO Mono ClimateHub WPLW-Hub Mono-8-260
Samsung,ECO Mono ClimateHub WPLW-Hub Mono-8-260-3
Samsung,ECO Mono ClimateHub WPLW-Hub Mono-12-260-3
Samsung,ECO Mono ClimateHub WPLW-Hub Mono-16-260-3
Samsung,ECO Mono mit externem Brauchwasserspeicher WPLW-Mono-5-RE
Samsung,ECO Mono mit externem Brauchwasserspeicher WPLW-Mono-8-RE
Samsung,ECO Mono mit externem Brauchwasserspeicher WPLW-Mono-8-RE-3
Samsung,ECO Mono mit externem Brauchwasserspeicher WPLW-Mono-12-RE-3
Samsung,ECO Mono mit externem Brauchwasserspeicher WPLW-Mono-16-RE-3
Samsung,ECO Split ClimateHub WPLW-Hub Split-4-200
Samsung,ECO Split ClimateHub WPLW-Hub Split-6-200
Samsung,ECO Split ClimateHub WPLW-Hub Split-9-200
Samsung,ECO Split ClimateHub WPLW-Hub Split-4-260
Samsung,ECO Split ClimateHub WPLW-Hub Split-6-260
Samsung,ECO Split ClimateHub WPLW-Hub Split-9-260
Samsung,ECO Split ClimateHub WPLW-Hub Split-9-260-3
Samsung,ECO Split mit Hydro Wandgerät und externem Brauchwasserspeicher WPLW-Split-4-WT
Samsung,ECO Split mit Hydro Wandgerät und externem Brauchwasserspeicher WPLW-Split-6-WT
Samsung,ECO Split mit Hydro Wandgerät und externem Brauchwasserspeicher WPLW-Split-9-WT
Samsung,ECO Split mit Hydro Wandgerät und externem Brauchwasserspeicher WPLW-Split-9-WT-3
Samsung,ECO Split mit Hydro Wandgerät und externem Brauchwasserspeicher WPLW-Split-12-WT-3
Samsung,ECO Split mit Hydro Wandgerät und externem Brauchwasserspeicher WPLW-Split-16-WT-3
Samsung,"ECO TDM Split ClimateHub WPLW-Hub TDM-4,4-200"
Samsung,"ECO TDM Split ClimateHub WPLW-Hub TDM-4,4-260"
Samsung,"ECO TDM Split ClimateHub WPLW-Hub TDM-6,6-200"
Samsung,"ECO TDM Split ClimateHub WPLW-Hub TDM-6,6-260"
Samsung,ECO TDM Split ClimateHub WPLW-Hub TDM-9-200
Samsung,ECO TDM Split ClimateHub WPLW-Hub TDM-9-260
Samsung,ECO TDM Split ClimateHub WPLW-Hub TDM-9-200-3
Samsung,ECO TDM Split ClimateHub WPLW-Hub TDM-9-260-3
Samsung,ECO TDM Split ClimateHub WPLW-Hub TDM-12-260-3
Samsung,ECO TDM Split ClimateHub WPLW-Hub TDM-16-260-3
Samsung,ECO TDM Wind-Free™ Standard Wandgerät Typ AE 022 TNXDEH/EU
Samsung,ECO TDM Wind-Free™ Standard Wandgerät Typ AE 028 TNXDEH/EU
Samsung,ECO TDM Wind-Free™ Standard Wandgerät Typ AE 036 TNXDEH/EU
Samsung,ECO TDM Wind-Free™ Standard Wandgerät Typ AE 056 TNXDEH/EU
Samsung,ECO TDM Wind-Free™ Standard Wandgerät Typ AE 071 TNXDEH/EU
Samsung,ECO TDM Kanaleinbaugerät Typ AE 022 ANLDEH/EU
Samsung,ECO TDM Kanaleinbaugerät Typ AE 028 ANLDEH/EU
Samsung,ECO TDM Kanaleinbaugerät Typ AE 036 ANLDEH/EU
Samsung,ECO TDM Kanaleinbaugerät Typ AE 056 ANLDEH/EU
Samsung,ECO TDM Kanaleinbaugerät Typ AE 071 ANMPEH/EU
Samsung,ECO TDM Standtruhe Typ AE 022 MNJDEH/EU
Samsung,ECO TDM Standtruhe Typ AE 028 MNJDEH/EU
Samsung,ECO TDM Standtruhe Typ AE 036 MNJDEH/EU
Samsung,ECO TDM Standtruhe Typ AE 056 MNJDEH/EU
Samsung,"ECO TDM Split mit Hydro Wandgerät und externem Brauchwasserspeicher WPLW-TDM Split-4,4-WT"
Samsung,"ECO TDM Split mit Hydro Wandgerät und externem Brauchwasserspeicher WPLW-TDM Split-6,6-WT"
Samsung,ECO TDM Split mit Hydro Wandgerät und externem Brauchwasserspeicher WPLW-TDM Split-9-WT
Samsung,ECO TDM Split mit Hydro Wandgerät und externem Brauchwasserspeicher WPLW-TDM Split-9-WT-3
Samsung,ECO TDM Split mit Hydro Wandgerät und externem Brauchwasserspeicher WPLW-TDM Split-12-WT-3
Samsung,ECO TDM Split mit Hydro Wandgerät und externem Brauchwasserspeicher WPLW-TDM Split-16-WT-3
Samsung,ECO TDM Wind-Free™ Standard Wandgerät Typ AE 022 TNXDEH/EU
Samsung,ECO TDM Wind-Free™ Standard Wandgerät Typ AE 028 TNXDEH/EU
Samsung,ECO TDM Wind-Free™ Standard Wandgerät Typ AE 036 TNXDEH/EU
Samsung,ECO TDM Wind-Free™ Standard Wandgerät Typ AE 056 TNXDEH/EU
Samsung,ECO TDM Wind-Free™ Standard Wandgerät Typ AE 071 TNXDEH/EU
Samsung,ECO TDM Kanaleinbaugerät Typ AE 022 ANLDEH/EU
Samsung,ECO TDM Kanaleinbaugerät Typ AE 028 ANLDEH/EU
Samsung,ECO TDM Kanaleinbaugerät Typ AE 036 ANLDEH/EU
Samsung,ECO TDM Kanaleinbaugerät Typ AE 056 ANLDEH/EU
Samsung,ECO TDM Kanaleinbaugerät Typ AE 071 ANMPEH/EU
Samsung,ECO TDM Standtruhe Typ AE 022 MNJDEH/EU
Samsung,ECO TDM Standtruhe Typ AE 028 MNJDEH/EU
Samsung,ECO TDM Standtruhe Typ AE 036 MNJDEH/EU
Samsung,ECO TDM Standtruhe Typ AE 056 MNJDEH/EU
Samsung,Touch-Zentralfernbedienung MCM-A 300N-E
Samsung,Touch-Zentralfernbedienung MCM-A 300BN-E
Samsung,Wi-Fi Kit MIM-H04EN-E
Samsung,LonWorks Gateway Typ MIM-B18N-E
Samsung,Universal Gateway IN770SAMXXSO-E | 1-4 Innengeräte
Samsung,Universal Gateway IN770SAM00SO-E | 1-16 Innengeräte
Samsung,Universal Gateway IN770SAM00MO-E | 1-64 Innengeräte
Samsung,Heizungskreisregler | MTF-HKR
Samsung,Heizungskreisregler | MTF-HKR-2
Samsung,Mischer- und Stellmotor-Kombinationen | MTF-MSK 20-4.0 | MTF-MSK 20-6.3
Samsung,Mischergruppe geregelt | MTF-MG-G-25-6.3
Samsung,Mischergruppe ungeregelt | MTF-MG-UG-25-6.3
Samsung,Verteilerbalken | MTF-VB 25
Samsung,Umschaltventil | MTF-UV-25-11
Samsung,Zonenventil | MTF-ZV-25-60
Samsung,Überströmventil | MTF-ÜV 20-2.0
Samsung,Hocheffizienzpumpe | MTF-HEP 25-3
Samsung,Hocheffizienzpumpe | MTF-HEP 25-6
Samsung,Hocheffizienzpumpe | MTF-HEPM-25-2.9 | MTF-HEPM-25-5.5
Samsung,Hocheffizienzpumpe-Flanschanschluss | MTF-HEPM-32-9 | MTF-HEPM-65-40
Samsung,Hocheffizienzpumpe-Flanschanschluss | MTF-HEPC-15-12
Samsung,Zirkulationspumpe | MTF-ZP 15-AA
Samsung,Ausdehnungsgefäße | MTF-AG 25 | MTF-AG 35 | MTF-AG 50
Samsung,Schlamm- und Magnetitabscheider | MTF-SMA 20-1.3 | MTF-SMA 25-2.0 | MTF-SMA 32-3.7
Samsung,Schlamm- und Magnetitabscheider | MTF-SMA 50-9
Samsung,Brauchwasserspeicher Weiss | MTF-BWS 200 | MTF-BWS 300 | MTF-BWS 500 | MTF-BWS 750
Samsung,"Brauchwasser Zusatzheizung | MTF-BW-ZH 2,5"
Samsung,Brauchwasser Zusatzheizung | MTF-BW-ZH 6
Samsung,Pufferspeicher Weiss | MTF-PS 300 | MTF-PS 500 | MTF-PS 800 | MTF-PS 1000 | MTF-PS 1500 | MTF-PS 2000
Samsung,Kombi-Pufferspeicher | MTF-KPS 500 | MTF-KPS 800 | MTF-KPS 1000 | MTF-KPS 1500
Samsung,Weiche / Pufferspeicher | MTF-WPS 13 | MTF-WPS 35 | MTF-WPS 50
Samsung,Schaltrelais für Hocheffizienzpumpen im Kleinverteiler IP65 | MTF-SCHÜ-HEP-HEPM-HEPC
Samsung,Schallschutz für Außeneinheiten Mono und Split 4 kW und 6kW | MTF-SSG-4-6
Samsung,Schallschutz für Außeneinheiten TDM 4.4kW und 6.6kW | MTF-SSG-4.4-6.6
Samsung,Schallschutz für Außeneinheiten TDM | Mono und Split 8kW und 9kW | MTF-SSG-8-9
Samsung,Schallschutz für Außeneinheiten TDM | Mono und Split 12kW und 16kW | MTF-SSG-12-16
Samsung,Überspannungsschutz für ECO Wärmepumpen 230SL
Samsung,Überspannungsschutz für ECO Wärmepumpen 400SL
Samsung,ECO TDM Kanaleinbaugerät Typ AE 022 MNLDEH/EU
Samsung,ECO TDM Kanaleinbaugerät Typ AE 028 MNLDEH/EU
Samsung,ECO TDM Kanaleinbaugerät Typ AE 036 MNLDEH/EU
Samsung,ECO TDM Kanaleinbaugerät Typ AE 056 MNLDEH/EU
Samsung,ECO TDM Kanaleinbaugerät Typ AE 071 MNMPEH/EU
Bosch,Compress 6800i AW
Bosch,Compress 3400i AWS
Bosch,Compress 7001i AW
Bosch,Compress 7800i LW
Bosch,Compress 5000 DW
Buderus,Logatherm WPS 6kW bis 17kW
Buderus,Logatherm WLW186i AR
Buderus,Logatherm WLW176i AR
Buderus,Logatherm WLW276
Buderus,Logatherm WSW186i(T)
Buderus,Logatherm WLW166i
Buderus,Logatherm WSW196i(T)
Buderus,Logatherm WLW196i IR
Buderus,Logatherm WLW196i AR
Buderus,Logatherm WLW286 A
Buderus,VRF Air Flux AF4300A
Buderus,Logatherm WLW196i AR S+
Buderus,Logatherm WPS.2 HT
Daikin,DAIKIN Altherma 3 R F
Daikin,DAIKIN Altherma 3 R ECH₂O
Daikin,DAIKIN Altherma 3 R W
Daikin,DAIKIN Altherma 3 M
Daikin,DAIKIN Altherma 3 H HT F
Daikin,DAIKIN Altherma 3 H HT ECH₂O
Daikin,DAIKIN Altherma 3 H HT W
Daikin,DAIKIN Altherma 3 H MT F
Daikin,DAIKIN Altherma 3 H MT ECH₂O
Daikin,DAIKIN Altherma 3 H MT W
Daikin,Daikin Altherma 3 R MT W
Daikin,Daikin Altherma 3 R MT F
Daikin,Daikin Altherma 3 R MT ECH2O
Kermi,x-change® dynamic pro - NEU
Kermi,x-change® dynamic pro AW E
Kermi,x-change® dynamic terra BW I
Kermi,x-change® dynamic AW I
Kermi,x-change® dynamic water WW I
Kermi,x-change® fresh
LG,R290 Monobloc
LG,R32 Monobloc S
LG,R32 Split HYDRO BOX
LG,R32 Split IWT
LG,R32 Mini-Split IWT
Wolf,Wärmepumpe CHA und CHC-Monoblock
Wolf,Wärmepumpe BWS-1 und BWW-1
Wolf,Warmwasser-Wärmepumpe FHS
