Provider,Product,Website
Vaillant,,https://www.vaillant.de/heizung/produkte/produktgruppen/waermepumpe/
Thermondo,,https://www.thermondo.de/leistungen/waermepumpe-kaufen/
Stiebel Eltron,110 different products,https://www.stiebel-eltron.de/de/home/produkte-loesungen/erneuerbare_energien/waermepumpe/alle-produkte.html?_charset_=utf-8&enabledFilterName=&enabledFilterValue=&refcode_FSTE_0000011=::&refcode_FSTE_0000012=::&refcode_FSTE_0000014=::&refcode_FSTE_0000015=::&sort=by_relevance&result-counter=110%20Produkte%20entsprechen%20Ihrer%20Auswahl&page=1
Mitsubishi Electric,,https://www.mitsubishi-les.com/de-de/luft-wasser-waermepumpen-6915.html
Mitsubishi Electric,,https://www.mitsubishi-les.com/de-de/sole-wasser-waermepumpen-6916.html
Mitsubishi Electric,,https://www.mitsubishi-les.com/de-de/luft-luft-waermepumpen-6848.html
Mitsubishi Electric,,https://www.mitsubishi-les.com/de-de/waermepumpenkaskade-7424.html
Mitsubishi Electric,,https://www.mitsubishi-les.com/de-de/hochtemperatur-trinkwasser-waermepumpen-6918.html
Samsung,,https://www.mtf-online.net/produkte/samsung/samsung-eco-waermepumpensysteme
Bosch,,https://www.bosch-homecomfort.com/de/de/wohngebaeude/lp-waermepumpe/?gad_source=1&gclid=Cj0KCQjwveK4BhD4ARIsAKy6pMI-Ub5YOvIBxsPMpJ8hbXjDqdz7KnwyNS06FcfwGFXb8tVdIojPBLsaAii8EALw_wcB
Buderus,,https://www.buderus.de/de/waermepumpe?gad_source=1&gclid=Cj0KCQjwveK4BhD4ARIsAKy6pMLc3cKiqZJh6t0jTmHnIqJoGZeXLSdhrzY2G6o9_wgEcOYfQljGSeEaAs4zEALw_wcB#Produkt%C3%BCbersicht
Daikin,,https://www.daikin.de/de_de/privatkunden/produkte-und-beratung/produktkategorien/waermepumpen/luft-wasser-waermepumpe.html
Kermi,,https://www.kermi.com/de/de/raumklima/produkte/waermepumpen/x-change-waermepumpen/?gad_source=1&gclid=Cj0KCQjwveK4BhD4ARIsAKy6pMJ_oRzeGimlb0sHeVd_ezQa-lZiYyItEiwFo80EoQuizVSEAq-8wzUaAh24EALw_wcB
LG,,https://lgthermav.de/produkte-losungen/warmepumpen/
Viessmann,,https://angebote.viessmann.de/foerderung.html?utm_source=google&utm_medium=paid_search&utm_campaign=21510546189_de_global_b2c_heat-pump_leadgen-bkw-2024&utm_term=viessmann%20w%C3%A4rmepumpe&utm_device=c&utm_content=707416112325&utm_adgroup=viessmann_waermepumpen_allgemein_exact&gad_source=1&gclid=Cj0KCQjwveK4BhD4ARIsAKy6pMJRcx30GpfKid3qKiGnUTnyW4PV_6T4f1fbVJfRBngvqlAePn1RMHYaAqdoEALw_wcB
Wolf,,https://www.wolf.eu/de-de/beratung/waermepumpe
Zewotherm,ZEWO Wärmepumpe LAMBDA,https://zewotherm.com/de/produkte/waermepumpen/zewo-waermepumpe-lambda.html
Zewotherm,ZEWO Wärmepumpe ECO ALPHA & EASY,https://zewotherm.com/de/produkte/waermepumpen/zewo-waermepumpe-eco.html
Zewotherm,Wärmespeicher,https://zewotherm.com/de/produkte/waermepumpen/waermespeicher.html
Panasonic,,https://www.aircon.panasonic.eu/DE_de/ranges/aquarea/